"VAR","YEAR.2016.ez","YEAR.2017.ez","YEAR.2018.ez","YEAR.2019.ez","YEAR.2020.ez","YEAR.2021.ez","YEAR.2016.pc","YEAR.2017.pc","YEAR.2018.pc","YEAR.2019.pc","YEAR.2020.pc","YEAR.2021.pc"
"accntingfees","","","","","","","accntingfees","accntingfees","accntingfees","accntingfees","accntingfees","accntingfees"
"accntspayableend","","","","","","","accntspayableend","accntspayableend","accntspayableend","accntspayableend","accntspayableend","accntspayableend"
"accntsrcvblend","","","","","","","accntsrcvblend","accntsrcvblend","accntsrcvblend","accntsrcvblend","accntsrcvblend","accntsrcvblend"
"actonbehalfcd","","","","","","","actonbehalfcd","actonbehalfcd","actonbehalfcd","actonbehalfcd","actonbehalfcd","actonbehalfcd"
"actvtynotprevrptcd","actvtynotprevrptcd","actvtynotprevrptcd","actvtynotprevrptcd","actvtynotprevrptcd","actvtynotprevrptcd","actvtynotprevrptcd","","","","","",""
"advrtpromo","","","","","","","advrtpromo","advrtpromo","advrtpromo","advrtpromo","advrtpromo","advrtpromo"
"awarexcessbnftcd","","","","","","","awarexcessbnftcd","awarexcessbnftcd","awarexcessbnftcd","awarexcessbnftcd","awarexcessbnftcd","awarexcessbnftcd"
"basisalesexpnsothr","basisalesexpnsothr","basisalesexpnsothr","basisalesexpnsothr","basisalesexpnsothr","basisalesexpnsothr","basisalesexpnsothr","","","","","",""
"benifitsmembrs","","","","","","","benifitsmembrs","benifitsmembrs","benifitsmembrs","benifitsmembrs","benifitsmembrs","benifitsmembrs"
"capitalstktrstend","","","","","","","capitalstktrstend","capitalstktrstend","capitalstktrstend","capitalstktrstend","capitalstktrstend","capitalstktrstend"
"ceaseoperationscd","","","","","","","ceaseoperationscd","ceaseoperationscd","ceaseoperationscd","ceaseoperationscd","ceaseoperationscd","ceaseoperationscd"
"chngsinorgcd","chngsinorgcd","chngsinorgcd","chngsinorgcd","chngsinorgcd","chngsinorgcd","chngsinorgcd","","","","","",""
"compltschocd","","","","","","","compltschocd","compltschocd","compltschocd","compltschocd","compltschocd","compltschocd"
"compnsatnandothr","","","","","","","compnsatnandothr","compnsatnandothr","compnsatnandothr","compnsatnandothr","compnsatnandothr","compnsatnandothr"
"compnsatncurrofcr","","","","","","","compnsatncurrofcr","compnsatncurrofcr","compnsatncurrofcr","compnsatncurrofcr","compnsatncurrofcr","compnsatncurrofcr"
"conduct5percentcd","","","","","","","conduct5percentcd","conduct5percentcd","conduct5percentcd","conduct5percentcd","conduct5percentcd","conduct5percentcd"
"contractioncd","contractioncd","contractioncd","contractioncd","contractioncd","contractioncd","contractioncd","","","","","",""
"converconventmtng","","","","","","","converconventmtng","converconventmtng","converconventmtng","converconventmtng","converconventmtng","converconventmtng"
"costgoodsold","costgoodsold","costgoodsold","costgoodsold","costgoodsold","costgoodsold","costgoodsold","","","","","",""
"crcounselingqstncd","","","","","","","crcounselingqstncd","crcounselingqstncd","crcounselingqstncd","crcounselingqstncd","crcounselingqstncd","crcounselingqstncd"
"cstbasisecur","","","","","","","cstbasisecur","cstbasisecur","cstbasisecur","cstbasisecur","cstbasisecur","cstbasisecur"
"cstbasisothr","","","","","","","cstbasisothr","cstbasisothr","cstbasisothr","cstbasisothr","cstbasisothr","cstbasisothr"
"currfrmrcvblend","","","","","","","currfrmrcvblend","currfrmrcvblend","currfrmrcvblend","currfrmrcvblend","currfrmrcvblend","currfrmrcvblend"
"deferedrevnuend","","","","","","","deferedrevnuend","deferedrevnuend","deferedrevnuend","deferedrevnuend","deferedrevnuend","deferedrevnuend"
"deprcatndepletn","","","","","","","deprcatndepletn","deprcatndepletn","deprcatndepletn","deprcatndepletn","deprcatndepletn","deprcatndepletn"
"dirbusnreltdcd","","","","","","","dirbusnreltdcd","dirbusnreltdcd","dirbusnreltdcd","dirbusnreltdcd","dirbusnreltdcd","dirbusnreltdcd"
"direxpns","direxpns","direxpns","direxpns","direxpns","direxpns","direxpns","","","","","",""
"distribtodonorcd","","","","","","","distribtodonorcd","distribtodonorcd","distribtodonorcd","distribtodonorcd","distribtodonorcd","distribtodonorcd"
"dnradvisedfundscd","","","","","","","dnradvisedfundscd","dnradvisedfundscd","dnradvisedfundscd","dnradvisedfundscd","dnradvisedfundscd","dnradvisedfundscd"
"duesassesmnts","duesassesmnts","duesassesmnts","duesassesmnts","duesassesmnts","duesassesmnts","duesassesmnts","","","","","",""
"e.file","","","","","e.file","","","","","","",""
"efile","","","","","","efile","","","","","efile","efile"
"EIN","EIN","EIN","EIN","EIN","EIN","EIN","EIN","EIN","EIN","EIN","EIN","EIN"
"elf","elf","elf","elf","elf","","","elf","elf","elf","elf","",""
"engageexcessbnftcd","","","","","","","engageexcessbnftcd","engageexcessbnftcd","engageexcessbnftcd","engageexcessbnftcd","engageexcessbnftcd","engageexcessbnftcd"
"escrwaccntliabend","","","","","","","escrwaccntliabend","escrwaccntliabend","escrwaccntliabend","escrwaccntliabend","escrwaccntliabend","escrwaccntliabend"
"excbushldngscd","","","","","","","excbushldngscd","excbushldngscd","excbushldngscd","excbushldngscd","excbushldngscd","excbushldngscd"
"excds1pct509","","excds1pct509","excds1pct509","","","excds1pct509","","","","","",""
"excds2pct170","","excds2pct170","excds2pct170","","","excds2pct170","","","","","",""
"exceeds1pct509","exceeds1pct509","","","exceeds1pct509","exceeds1pct509","","exceeds1pct509","exceeds1pct509","exceeds1pct509","exceeds1pct509","exceeds1pct509","exceeds1pct509"
"exceeds2pct170","exceeds2pct170","","","exceeds2pct170","exceeds2pct170","","exceeds2pct170","exceeds2pct170","exceeds2pct170","exceeds2pct170","exceeds2pct170","exceeds2pct170"
"exprstmntcd","","","","","","","exprstmntcd","exprstmntcd","exprstmntcd","exprstmntcd","exprstmntcd","exprstmntcd"
"f1096cnt","","","","","","","f1096cnt","f1096cnt","f1096cnt","f1096cnt","f1096cnt","f1096cnt"
"f8282cnt","","","","","","","f8282cnt","f8282cnt","f8282cnt","f8282cnt","f8282cnt","f8282cnt"
"feesforsrvcinvstmgmt","","","","","","","feesforsrvcinvstmgmt","feesforsrvcinvstmgmt","feesforsrvcinvstmgmt","feesforsrvcinvstmgmt","feesforsrvcinvstmgmt","feesforsrvcinvstmgmt"
"feesforsrvclobby","","","","","","","feesforsrvclobby","feesforsrvclobby","feesforsrvclobby","feesforsrvclobby","feesforsrvclobby","feesforsrvclobby"
"feesforsrvcmgmt","","","","","","","feesforsrvcmgmt","feesforsrvcmgmt","feesforsrvcmgmt","feesforsrvcmgmt","feesforsrvcmgmt","feesforsrvcmgmt"
"feesforsrvcothr","","","","","","","feesforsrvcothr","feesforsrvcothr","feesforsrvcothr","feesforsrvcothr","feesforsrvcothr","feesforsrvcothr"
"filedf1098ccd","","","","","","","filedf1098ccd","filedf1098ccd","filedf1098ccd","filedf1098ccd","filedf1098ccd","filedf1098ccd"
"filedf1120polcd","filedf1120polcd","filedf1120polcd","filedf1120polcd","filedf1120polcd","filedf1120polcd","filedf1120polcd","","","","","",""
"filedf720cd","","","","","","","filedf720cd","filedf720cd","filedf720cd","filedf720cd","filedf720cd","filedf720cd"
"filedf8282cd","","","","","","","filedf8282cd","filedf8282cd","filedf8282cd","filedf8282cd","filedf8282cd","filedf8282cd"
"filedf8886tcd","","","","","","","filedf8886tcd","filedf8886tcd","filedf8886tcd","filedf8886tcd","filedf8886tcd","filedf8886tcd"
"filedf8899cd","","","","","","","filedf8899cd","filedf8899cd","filedf8899cd","filedf8899cd","filedf8899cd","filedf8899cd"
"filedf990tcd","filedf990tcd","filedf990tcd","filedf990tcd","filedf990tcd","filedf990tcd","filedf990tcd","filedf990tcd","filedf990tcd","filedf990tcd","filedf990tcd","filedf990tcd","filedf990tcd"
"filedlieuf1041cd","","","","","","","filedlieuf1041cd","filedlieuf1041cd","filedlieuf1041cd","filedlieuf1041cd","filedlieuf1041cd","filedlieuf1041cd"
"filerqrdrtnscd","","","","","","","filerqrdrtnscd","filerqrdrtnscd","filerqrdrtnscd","filerqrdrtnscd","filerqrdrtnscd","filerqrdrtnscd"
"fmlybusnreltdcd","","","","","","","fmlybusnreltdcd","fmlybusnreltdcd","fmlybusnreltdcd","fmlybusnreltdcd","fmlybusnreltdcd","fmlybusnreltdcd"
"fndsrcvdcd","","","","","","","fndsrcvdcd","fndsrcvdcd","fndsrcvdcd","fndsrcvdcd","fndsrcvdcd","fndsrcvdcd"
"frgnacctcd","","","","","","","frgnacctcd","frgnacctcd","frgnacctcd","frgnacctcd","frgnacctcd","frgnacctcd"
"frgnaggragrntscd","","","","","","","frgnaggragrntscd","frgnaggragrntscd","frgnaggragrntscd","frgnaggragrntscd","frgnaggragrntscd","frgnaggragrntscd"
"frgngrntscd","","","","","","","frgngrntscd","frgngrntscd","frgngrntscd","frgngrntscd","frgngrntscd","frgngrntscd"
"frgnofficecd","","","","","","","frgnofficecd","frgnofficecd","frgnofficecd","frgnofficecd","frgnofficecd","frgnofficecd"
"frgnrevexpnscd","","","","","","","frgnrevexpnscd","frgnrevexpnscd","frgnrevexpnscd","frgnrevexpnscd","frgnrevexpnscd","frgnrevexpnscd"
"fw2gcnt","","","","","","","fw2gcnt","fw2gcnt","fw2gcnt","fw2gcnt","fw2gcnt","fw2gcnt"
"gftgrntrcvd170","","gftgrntrcvd170","gftgrntrcvd170","","","gftgrntrcvd170","","","","","",""
"gftgrntsrcvd170","gftgrntsrcvd170","","","gftgrntsrcvd170","gftgrntsrcvd170","","gftgrntsrcvd170","gftgrntsrcvd170","gftgrntsrcvd170","gftgrntsrcvd170","gftgrntsrcvd170","gftgrntsrcvd170"
"gnlsecur","","","","","","","gnlsecur","gnlsecur","gnlsecur","gnlsecur","gnlsecur","gnlsecur"
"gnlsothr","","","","","","","gnlsothr","gnlsothr","gnlsothr","gnlsothr","gnlsothr","gnlsothr"
"gnsaleofastothr","gnsaleofastothr","gnsaleofastothr","gnsaleofastothr","gnsaleofastothr","gnsaleofastothr","gnsaleofastothr","","","","","",""
"grantoofficercd","","","","","","","grantoofficercd","grantoofficercd","grantoofficercd","grantoofficercd","grantoofficercd","grantoofficercd"
"grnsttoindiv","","","","","","","grnsttoindiv","grnsttoindiv","grnsttoindiv","grnsttoindiv","grnsttoindiv","grnsttoindiv"
"grntspayableend","","","","","","","grntspayableend","grntspayableend","grntspayableend","grntspayableend","grntspayableend","grntspayableend"
"grntstofrgngovt","","","","","","","grntstofrgngovt","grntstofrgngovt","grntstofrgngovt","grntstofrgngovt","grntstofrgngovt","grntstofrgngovt"
"grntstogovt","","","","","","","grntstogovt","grntstogovt","grntstogovt","grntstogovt","grntstogovt","grntstogovt"
"grsalesecur","","","","","","","grsalesecur","grsalesecur","grsalesecur","grsalesecur","grsalesecur","grsalesecur"
"grsalesinvent","","","","","","","grsalesinvent","grsalesinvent","grsalesinvent","grsalesinvent","grsalesinvent","grsalesinvent"
"grsalesminusret","grsalesminusret","grsalesminusret","grsalesminusret","grsalesminusret","grsalesminusret","grsalesminusret","","","","","",""
"grsalesothr","","","","","","","grsalesothr","grsalesothr","grsalesothr","grsalesothr","grsalesothr","grsalesothr"
"grsamtsalesastothr","grsamtsalesastothr","grsamtsalesastothr","grsamtsalesastothr","grsamtsalesastothr","grsamtsalesastothr","grsamtsalesastothr","","","","","",""
"grsinc170","grsinc170","grsinc170","grsinc170","grsinc170","grsinc170","grsinc170","grsinc170","grsinc170","grsinc170","grsinc170","grsinc170","grsinc170"
"grsinc509","grsinc509","grsinc509","grsinc509","grsinc509","grsinc509","grsinc509","grsinc509","grsinc509","grsinc509","grsinc509","grsinc509","grsinc509"
"grsincfndrsng","","","","","","","grsincfndrsng","grsincfndrsng","grsincfndrsng","grsincfndrsng","grsincfndrsng","grsincfndrsng"
"grsincgaming","grsincgaming","grsincgaming","grsincgaming","grsincgaming","grsincgaming","grsincgaming","grsincgaming","grsincgaming","grsincgaming","grsincgaming","grsincgaming","grsincgaming"
"grsincmembers","","","","","","","grsincmembers","grsincmembers","grsincmembers","grsincmembers","grsincmembers","grsincmembers"
"grsincother","","","","","","","grsincother","grsincother","grsincother","grsincother","grsincother","grsincother"
"grsprft","grsprft","grsprft","grsprft","grsprft","grsprft","grsprft","","","","","",""
"grspublicrcpts","grspublicrcpts","grspublicrcpts","grspublicrcpts","grspublicrcpts","grspublicrcpts","grspublicrcpts","","","","","",""
"grsrcptsactivities509","grsrcptsactivities509","","","grsrcptsactivities509","grsrcptsactivities509","","grsrcptsactivities509","grsrcptsactivities509","grsrcptsactivities509","grsrcptsactivities509","grsrcptsactivities509","grsrcptsactivities509"
"grsrcptsactvts509","","grsrcptsactvts509","grsrcptsactvts509","","","grsrcptsactvts509","","","","","",""
"grsrcptsadmiss509","","grsrcptsadmiss509","grsrcptsadmiss509","","","grsrcptsadmiss509","","","","","",""
"grsrcptsadmissn509","grsrcptsadmissn509","","","grsrcptsadmissn509","grsrcptsadmissn509","","grsrcptsadmissn509","grsrcptsadmissn509","grsrcptsadmissn509","grsrcptsadmissn509","grsrcptsadmissn509","grsrcptsadmissn509"
"grsrcptspublicuse","","","","","","","grsrcptspublicuse","grsrcptspublicuse","grsrcptspublicuse","grsrcptspublicuse","grsrcptspublicuse","grsrcptspublicuse"
"grsrcptsrelatd170","","grsrcptsrelatd170","grsrcptsrelatd170","","","grsrcptsrelatd170","","","","","",""
"grsrcptsrelated170","grsrcptsrelated170","","","grsrcptsrelated170","grsrcptsrelated170","","grsrcptsrelated170","grsrcptsrelated170","grsrcptsrelated170","grsrcptsrelated170","grsrcptsrelated170","grsrcptsrelated170"
"grsrevnuefndrsng","grsrevnuefndrsng","grsrevnuefndrsng","grsrevnuefndrsng","grsrevnuefndrsng","grsrevnuefndrsng","grsrevnuefndrsng","","","","","",""
"grsrntsprsnl","","","","","","","grsrntsprsnl","grsrntsprsnl","grsrntsprsnl","grsrntsprsnl","grsrntsprsnl","grsrntsprsnl"
"grsrntsreal","","","","","","","grsrntsreal","grsrntsreal","grsrntsreal","grsrntsreal","grsrntsreal","grsrntsreal"
"hldassetsintermpermcd","","","","","","","hldassetsintermpermcd","hldassetsintermpermcd","hldassetsintermpermcd","hldassetsintermpermcd","hldassetsintermpermcd","hldassetsintermpermcd"
"hospaudfinstmtcd","","","","","","","hospaudfinstmtcd","hospaudfinstmtcd","hospaudfinstmtcd","hospaudfinstmtcd","hospaudfinstmtcd","hospaudfinstmtcd"
"inclinfinstmtcd","","","","","","","inclinfinstmtcd","inclinfinstmtcd","inclinfinstmtcd","inclinfinstmtcd","inclinfinstmtcd","inclinfinstmtcd"
"infotech","","","","","","","infotech","infotech","infotech","infotech","infotech","infotech"
"initiationfee","initiationfee","initiationfee","initiationfee","initiationfee","initiationfee","initiationfee","","","","","",""
"initiationfees","","","","","","","initiationfees","initiationfees","initiationfees","initiationfees","initiationfees","initiationfees"
"insurance","","","","","","","insurance","insurance","insurance","insurance","insurance","insurance"
"intangibleassetsend","","","","","","","intangibleassetsend","intangibleassetsend","intangibleassetsend","intangibleassetsend","intangibleassetsend","intangibleassetsend"
"interestamt","","","","","","","interestamt","interestamt","interestamt","interestamt","interestamt","interestamt"
"intincntrlcd","","","","","","","intincntrlcd","intincntrlcd","intincntrlcd","intincntrlcd","intincntrlcd","intincntrlcd"
"invntriesalesend","","","","","","","invntriesalesend","invntriesalesend","invntriesalesend","invntriesalesend","invntriesalesend","invntriesalesend"
"invstmntinc","","","","","","","invstmntinc","invstmntinc","invstmntinc","invstmntinc","invstmntinc","invstmntinc"
"invstmntsend","","","","","","","invstmntsend","invstmntsend","invstmntsend","invstmntsend","invstmntsend","invstmntsend"
"invstmntsothrend","","","","","","","invstmntsothrend","invstmntsothrend","invstmntsothrend","invstmntsothrend","invstmntsothrend","invstmntsothrend"
"invstmntsprgmend","","","","","","","invstmntsprgmend","invstmntsprgmend","invstmntsprgmend","invstmntsprgmend","invstmntsprgmend","invstmntsprgmend"
"invstproceedscd","","","","","","","invstproceedscd","invstproceedscd","invstproceedscd","invstproceedscd","invstproceedscd","invstproceedscd"
"lbbyingactvtscd","","","","","","","lbbyingactvtscd","lbbyingactvtscd","lbbyingactvtscd","lbbyingactvtscd","lbbyingactvtscd","lbbyingactvtscd"
"legalfees","","","","","","","legalfees","legalfees","legalfees","legalfees","legalfees","legalfees"
"lesscstofgoods","","","","","","","lesscstofgoods","lesscstofgoods","lesscstofgoods","lesscstofgoods","lesscstofgoods","lesscstofgoods"
"lessdirfndrsng","","","","","","","lessdirfndrsng","lessdirfndrsng","lessdirfndrsng","lessdirfndrsng","lessdirfndrsng","lessdirfndrsng"
"lessdirgaming","","","","","","","lessdirgaming","lessdirgaming","lessdirgaming","lessdirgaming","lessdirgaming","lessdirgaming"
"lndbldgsequipend","","","","","","","lndbldgsequipend","lndbldgsequipend","lndbldgsequipend","lndbldgsequipend","lndbldgsequipend","lndbldgsequipend"
"loanstoofficers","loanstoofficers","loanstoofficers","loanstoofficers","loanstoofficers","loanstoofficers","loanstoofficers","","","","","",""
"loanstoofficerscd","loanstoofficerscd","loanstoofficerscd","loanstoofficerscd","loanstoofficerscd","loanstoofficerscd","loanstoofficerscd","","","","","",""
"loantofficercd","","","","","","","loantofficercd","loantofficercd","loantofficercd","loantofficercd","loantofficercd","loantofficercd"
"maintescrwaccntcd","","","","","","","maintescrwaccntcd","maintescrwaccntcd","maintescrwaccntcd","maintescrwaccntcd","maintescrwaccntcd","maintescrwaccntcd"
"maintwrkofartcd","","","","","","","maintwrkofartcd","maintwrkofartcd","maintwrkofartcd","maintwrkofartcd","maintwrkofartcd","maintwrkofartcd"
"miscrev11acd","","","","","","","miscrev11acd","miscrev11acd","miscrev11acd","miscrev11acd","miscrev11acd","miscrev11acd"
"miscrev11bcd","","","","","","","miscrev11bcd","miscrev11bcd","miscrev11bcd","miscrev11bcd","miscrev11bcd","miscrev11bcd"
"miscrev11ccd","","","","","","","miscrev11ccd","miscrev11ccd","miscrev11ccd","miscrev11ccd","miscrev11ccd","miscrev11ccd"
"miscrevtot11b","","","","","","","miscrevtot11b","miscrevtot11b","miscrevtot11b","miscrevtot11b","miscrevtot11b","miscrevtot11b"
"miscrevtot11c","","","","","","","miscrevtot11c","miscrevtot11c","miscrevtot11c","miscrevtot11c","miscrevtot11c","miscrevtot11c"
"miscrevtot11d","","","","","","","miscrevtot11d","miscrevtot11d","miscrevtot11d","miscrevtot11d","miscrevtot11d","miscrevtot11d"
"miscrevtot11e","","","","","","","miscrevtot11e","miscrevtot11e","miscrevtot11e","miscrevtot11e","miscrevtot11e","miscrevtot11e"
"miscrevtota","","","","","","","miscrevtota","miscrevtota","miscrevtota","miscrevtota","miscrevtota","miscrevtota"
"netgnls","","","","","","","netgnls","netgnls","netgnls","netgnls","netgnls","netgnls"
"netincfndrsng","netincfndrsng","netincfndrsng","netincfndrsng","netincfndrsng","netincfndrsng","netincfndrsng","netincfndrsng","netincfndrsng","netincfndrsng","netincfndrsng","netincfndrsng","netincfndrsng"
"netincgaming","","","","","","","netincgaming","netincgaming","netincgaming","netincgaming","netincgaming","netincgaming"
"netincsales","","","","","","","netincsales","netincsales","netincsales","netincsales","netincsales","netincsales"
"netincunrelatd170","","netincunrelatd170","netincunrelatd170","","","netincunrelatd170","","","","","",""
"netincunrelatd509","netincunrelatd509","","","netincunrelatd509","netincunrelatd509","","netincunrelatd509","netincunrelatd509","netincunrelatd509","netincunrelatd509","netincunrelatd509","netincunrelatd509"
"netincunreltd170","netincunreltd170","","","netincunreltd170","netincunreltd170","","netincunreltd170","netincunreltd170","netincunreltd170","netincunreltd170","netincunreltd170","netincunreltd170"
"netincunreltd509","","netincunreltd509","netincunreltd509","","","netincunreltd509","","","","","",""
"netrntlinc","","","","","","","netrntlinc","netrntlinc","netrntlinc","netrntlinc","netrntlinc","netrntlinc"
"networthend","networthend","networthend","networthend","networthend","networthend","networthend","","","","","",""
"nocontractor100kcnt","","","","","","","nocontractor100kcnt","nocontractor100kcnt","nocontractor100kcnt","nocontractor100kcnt","nocontractor100kcnt","nocontractor100kcnt"
"noemplyeesw3cnt","","","","","","","noemplyeesw3cnt","noemplyeesw3cnt","noemplyeesw3cnt","noemplyeesw3cnt","noemplyeesw3cnt","noemplyeesw3cnt"
"noindiv100kcnt","","","","","","","noindiv100kcnt","noindiv100kcnt","noindiv100kcnt","noindiv100kcnt","noindiv100kcnt","noindiv100kcnt"
"nonintcashend","","","","","","","nonintcashend","nonintcashend","nonintcashend","nonintcashend","nonintcashend","nonintcashend"
"nonpfrea","nonpfrea","nonpfrea","nonpfrea","nonpfrea","nonpfrea","nonpfrea","nonpfrea","nonpfrea","nonpfrea","nonpfrea","nonpfrea","nonpfrea"
"notesloansrcvblend","","","","","","","notesloansrcvblend","notesloansrcvblend","notesloansrcvblend","notesloansrcvblend","notesloansrcvblend","notesloansrcvblend"
"notfydnrvalcd","","","","","","","notfydnrvalcd","notfydnrvalcd","notfydnrvalcd","notfydnrvalcd","notfydnrvalcd","notfydnrvalcd"
"occupancy","","","","","","","occupancy","occupancy","occupancy","occupancy","occupancy","occupancy"
"officexpns","","","","","","","officexpns","officexpns","officexpns","officexpns","officexpns","officexpns"
"operatehosptlcd","","","","","","","operatehosptlcd","operatehosptlcd","operatehosptlcd","operatehosptlcd","operatehosptlcd","operatehosptlcd"
"operateschools170cd","","","","","","","operateschools170cd","operateschools170cd","operateschools170cd","operateschools170cd","operateschools170cd","operateschools170cd"
"orgtrnsfrcd","","","","","","","orgtrnsfrcd","orgtrnsfrcd","orgtrnsfrcd","orgtrnsfrcd","orgtrnsfrcd","orgtrnsfrcd"
"othrassetsend","","","","","","","othrassetsend","othrassetsend","othrassetsend","othrassetsend","othrassetsend","othrassetsend"
"othrchgsnetassetfnd","othrchgsnetassetfnd","othrchgsnetassetfnd","othrchgsnetassetfnd","othrchgsnetassetfnd","othrchgsnetassetfnd","othrchgsnetassetfnd","","","","","",""
"othremplyeebenef","","","","","","","othremplyeebenef","othremplyeebenef","othremplyeebenef","othremplyeebenef","othremplyeebenef","othremplyeebenef"
"othrevnue","othrevnue","othrevnue","othrevnue","othrevnue","othrevnue","othrevnue","","","","","",""
"othrexpnsa","","","","","","","othrexpnsa","othrexpnsa","othrexpnsa","othrexpnsa","othrexpnsa","othrexpnsa"
"othrexpnsb","","","","","","","othrexpnsb","othrexpnsb","othrexpnsb","othrexpnsb","othrexpnsb","othrexpnsb"
"othrexpnsc","","","","","","","othrexpnsc","othrexpnsc","othrexpnsc","othrexpnsc","othrexpnsc","othrexpnsc"
"othrexpnsd","","","","","","","othrexpnsd","othrexpnsd","othrexpnsd","othrexpnsd","othrexpnsd","othrexpnsd"
"othrexpnse","","","","","","","othrexpnse","othrexpnse","othrexpnse","othrexpnse","othrexpnse","othrexpnse"
"othrexpnsf","","","","","","","othrexpnsf","othrexpnsf","othrexpnsf","othrexpnsf","othrexpnsf","othrexpnsf"
"othrinc170","othrinc170","othrinc170","othrinc170","othrinc170","othrinc170","othrinc170","othrinc170","othrinc170","othrinc170","othrinc170","othrinc170","othrinc170"
"othrinc509","othrinc509","othrinc509","othrinc509","othrinc509","othrinc509","othrinc509","othrinc509","othrinc509","othrinc509","othrinc509","othrinc509","othrinc509"
"othrinvstinc","othrinvstinc","othrinvstinc","othrinvstinc","othrinvstinc","othrinvstinc","othrinvstinc","","","","","",""
"othrliabend","","","","","","","othrliabend","othrliabend","othrliabend","othrliabend","othrliabend","othrliabend"
"othrsalwages","","","","","","","othrsalwages","othrsalwages","othrsalwages","othrsalwages","othrsalwages","othrsalwages"
"ownsepentcd","","","","","","","ownsepentcd","ownsepentcd","ownsepentcd","ownsepentcd","ownsepentcd","ownsepentcd"
"paidinsurplusend","","","","","","","paidinsurplusend","paidinsurplusend","paidinsurplusend","paidinsurplusend","paidinsurplusend","paidinsurplusend"
"paybletoffcrsend","","","","","","","paybletoffcrsend","paybletoffcrsend","paybletoffcrsend","paybletoffcrsend","paybletoffcrsend","paybletoffcrsend"
"payrolltx","","","","","","","payrolltx","payrolltx","payrolltx","payrolltx","payrolltx","payrolltx"
"pensionplancontrb","","","","","","","pensionplancontrb","pensionplancontrb","pensionplancontrb","pensionplancontrb","pensionplancontrb","pensionplancontrb"
"permrstrctnetasstsend","","","","","","","permrstrctnetasstsend","permrstrctnetasstsend","permrstrctnetasstsend","permrstrctnetasstsend","permrstrctnetasstsend","permrstrctnetasstsend"
"pldgegrntrcvblend","","","","","","","pldgegrntrcvblend","pldgegrntrcvblend","pldgegrntrcvblend","pldgegrntrcvblend","pldgegrntrcvblend","pldgegrntrcvblend"
"politicalactvtscd","","","","","","","politicalactvtscd","politicalactvtscd","politicalactvtscd","politicalactvtscd","politicalactvtscd","politicalactvtscd"
"politicalexpend","politicalexpend","politicalexpend","politicalexpend","politicalexpend","politicalexpend","politicalexpend","","","","","",""
"premiumspaidcd","","","","","","","premiumspaidcd","premiumspaidcd","premiumspaidcd","premiumspaidcd","premiumspaidcd","premiumspaidcd"
"prepaidexpnsend","","","","","","","prepaidexpnsend","prepaidexpnsend","prepaidexpnsend","prepaidexpnsend","prepaidexpnsend","prepaidexpnsend"
"prgmservcode2acd","","","","","","","prgmservcode2acd","prgmservcode2acd","prgmservcode2acd","prgmservcode2acd","prgmservcode2acd","prgmservcode2acd"
"prgmservcode2bcd","","","","","","","prgmservcode2bcd","prgmservcode2bcd","prgmservcode2bcd","prgmservcode2bcd","prgmservcode2bcd","prgmservcode2bcd"
"prgmservcode2ccd","","","","","","","prgmservcode2ccd","prgmservcode2ccd","prgmservcode2ccd","prgmservcode2ccd","prgmservcode2ccd","prgmservcode2ccd"
"prgmservcode2dcd","","","","","","","prgmservcode2dcd","prgmservcode2dcd","prgmservcode2dcd","prgmservcode2dcd","prgmservcode2dcd","prgmservcode2dcd"
"prgmservcode2ecd","","","","","","","prgmservcode2ecd","prgmservcode2ecd","prgmservcode2ecd","prgmservcode2ecd","prgmservcode2ecd","prgmservcode2ecd"
"prgmservrev","prgmservrev","prgmservrev","prgmservrev","prgmservrev","prgmservrev","prgmservrev","","","","","",""
"profndraising","","","","","","","profndraising","profndraising","profndraising","profndraising","profndraising","profndraising"
"prohibtdtxshltrcd","prohibtdtxshltrcd","prohibtdtxshltrcd","prohibtdtxshltrcd","prohibtdtxshltrcd","prohibtdtxshltrcd","prohibtdtxshltrcd","prohibtdtxshltrcd","prohibtdtxshltrcd","prohibtdtxshltrcd","prohibtdtxshltrcd","prohibtdtxshltrcd","prohibtdtxshltrcd"
"providegoodscd","","","","","","","providegoodscd","providegoodscd","providegoodscd","providegoodscd","providegoodscd","providegoodscd"
"prptyintrcvdcd","","","","","","","prptyintrcvdcd","prptyintrcvdcd","prptyintrcvdcd","prptyintrcvdcd","prptyintrcvdcd","prptyintrcvdcd"
"prtynotifyorgcd","","","","","","","prtynotifyorgcd","prtynotifyorgcd","prtynotifyorgcd","prtynotifyorgcd","prtynotifyorgcd","prtynotifyorgcd"
"pubsupplesspct170","pubsupplesspct170","pubsupplesspct170","pubsupplesspct170","pubsupplesspct170","pubsupplesspct170","pubsupplesspct170","pubsupplesspct170","pubsupplesspct170","pubsupplesspct170","pubsupplesspct170","pubsupplesspct170","pubsupplesspct170"
"pubsupplesssub509","","pubsupplesssub509","pubsupplesssub509","","","pubsupplesssub509","","","","","",""
"pubsupplesub509","pubsupplesub509","","","pubsupplesub509","pubsupplesub509","","pubsupplesub509","pubsupplesub509","pubsupplesub509","pubsupplesub509","pubsupplesub509","pubsupplesub509"
"pubsuppsubtot170","pubsuppsubtot170","pubsuppsubtot170","pubsuppsubtot170","pubsuppsubtot170","pubsuppsubtot170","pubsuppsubtot170","pubsuppsubtot170","pubsuppsubtot170","pubsuppsubtot170","pubsuppsubtot170","pubsuppsubtot170","pubsuppsubtot170"
"pubsuppsubtot509","pubsuppsubtot509","pubsuppsubtot509","pubsuppsubtot509","pubsuppsubtot509","pubsuppsubtot509","pubsuppsubtot509","pubsuppsubtot509","pubsuppsubtot509","pubsuppsubtot509","pubsuppsubtot509","pubsuppsubtot509","pubsuppsubtot509"
"pymtoaffiliates","","","","","","","pymtoaffiliates","pymtoaffiliates","pymtoaffiliates","pymtoaffiliates","pymtoaffiliates","pymtoaffiliates"
"qualhlthonhnd","","","","","","","qualhlthonhnd","qualhlthonhnd","qualhlthonhnd","qualhlthonhnd","qualhlthonhnd","qualhlthonhnd"
"qualhlthplncd","","","","","","","qualhlthplncd","qualhlthplncd","qualhlthplncd","qualhlthplncd","qualhlthplncd","qualhlthplncd"
"qualhlthreqmntn","","","","","","","qualhlthreqmntn","qualhlthreqmntn","qualhlthreqmntn","qualhlthreqmntn","qualhlthreqmntn","qualhlthreqmntn"
"rcvbldisqualend","","","","","","","rcvbldisqualend","rcvbldisqualend","rcvbldisqualend","rcvbldisqualend","rcvbldisqualend","rcvbldisqualend"
"rcvdfrmdisqualsub509","rcvdfrmdisqualsub509","rcvdfrmdisqualsub509","rcvdfrmdisqualsub509","rcvdfrmdisqualsub509","rcvdfrmdisqualsub509","rcvdfrmdisqualsub509","rcvdfrmdisqualsub509","rcvdfrmdisqualsub509","rcvdfrmdisqualsub509","rcvdfrmdisqualsub509","rcvdfrmdisqualsub509","rcvdfrmdisqualsub509"
"rcvdpdtngcd","","","","","","","rcvdpdtngcd","rcvdpdtngcd","rcvdpdtngcd","rcvdpdtngcd","rcvdpdtngcd","rcvdpdtngcd"
"recvartcd","","","","","","","recvartcd","recvartcd","recvartcd","recvartcd","recvartcd","recvartcd"
"recvnoncashcd","","","","","","","recvnoncashcd","recvnoncashcd","recvnoncashcd","recvnoncashcd","recvnoncashcd","recvnoncashcd"
"reltdorgcd","","","","","","","reltdorgcd","reltdorgcd","reltdorgcd","reltdorgcd","reltdorgcd","reltdorgcd"
"retainedearnend","","","","","","","retainedearnend","retainedearnend","retainedearnend","retainedearnend","retainedearnend","retainedearnend"
"rntlexpnsprsnl","","","","","","","rntlexpnsprsnl","rntlexpnsprsnl","rntlexpnsprsnl","rntlexpnsprsnl","rntlexpnsprsnl","rntlexpnsprsnl"
"rntlexpnsreal","","","","","","","rntlexpnsreal","rntlexpnsreal","rntlexpnsreal","rntlexpnsreal","rntlexpnsreal","rntlexpnsreal"
"rntlincprsnl","","","","","","","rntlincprsnl","rntlincprsnl","rntlincprsnl","rntlincprsnl","rntlincprsnl","rntlincprsnl"
"rntlincreal","","","","","","","rntlincreal","rntlincreal","rntlincreal","rntlincreal","rntlincreal","rntlincreal"
"royaltsexpns","","","","","","","royaltsexpns","royaltsexpns","royaltsexpns","royaltsexpns","royaltsexpns","royaltsexpns"
"royaltsinc","","","","","","","royaltsinc","royaltsinc","royaltsinc","royaltsinc","royaltsinc","royaltsinc"
"rptgrntstogovtcd","","","","","","","rptgrntstogovtcd","rptgrntstogovtcd","rptgrntstogovtcd","rptgrntstogovtcd","rptgrntstogovtcd","rptgrntstogovtcd"
"rptgrntstoindvcd","","","","","","","rptgrntstoindvcd","rptgrntstoindvcd","rptgrntstoindvcd","rptgrntstoindvcd","rptgrntstoindvcd","rptgrntstoindvcd"
"rptincfnndrsngcd","","","","","","","rptincfnndrsngcd","rptincfnndrsngcd","rptincfnndrsngcd","rptincfnndrsngcd","rptincfnndrsngcd","rptincfnndrsngcd"
"rptincgamingcd","","","","","","","rptincgamingcd","rptincgamingcd","rptincgamingcd","rptincgamingcd","rptincgamingcd","rptincgamingcd"
"rptinvstothsecd","","","","","","","rptinvstothsecd","rptinvstothsecd","rptinvstothsecd","rptinvstothsecd","rptinvstothsecd","rptinvstothsecd"
"rptinvstprgrelcd","","","","","","","rptinvstprgrelcd","rptinvstprgrelcd","rptinvstprgrelcd","rptinvstprgrelcd","rptinvstprgrelcd","rptinvstprgrelcd"
"rptlndbldgeqptcd","","","","","","","rptlndbldgeqptcd","rptlndbldgeqptcd","rptlndbldgeqptcd","rptlndbldgeqptcd","rptlndbldgeqptcd","rptlndbldgeqptcd"
"rptothasstcd","","","","","","","rptothasstcd","rptothasstcd","rptothasstcd","rptothasstcd","rptothasstcd","rptothasstcd"
"rptothliabcd","","","","","","","rptothliabcd","rptothliabcd","rptothliabcd","rptothliabcd","rptothliabcd","rptothliabcd"
"rptprofndrsngfeescd","","","","","","","rptprofndrsngfeescd","rptprofndrsngfeescd","rptprofndrsngfeescd","rptprofndrsngfeescd","rptprofndrsngfeescd","rptprofndrsngfeescd"
"rptyestocompnstncd","","","","","","","rptyestocompnstncd","rptyestocompnstncd","rptyestocompnstncd","rptyestocompnstncd","rptyestocompnstncd","rptyestocompnstncd"
"s4958excessbenefcd","s4958excessbenefcd","s4958excessbenefcd","s4958excessbenefcd","s4958excessbenefcd","s4958excessbenefcd","s4958excessbenefcd","","","","","",""
"s4966distribcd","","","","","","","s4966distribcd","s4966distribcd","s4966distribcd","s4966distribcd","s4966distribcd","s4966distribcd"
"s501c3or4947a1cd","","","","","","","s501c3or4947a1cd","s501c3or4947a1cd","s501c3or4947a1cd","s501c3or4947a1cd","s501c3or4947a1cd","s501c3or4947a1cd"
"samepubsuppsubtot170","samepubsuppsubtot170","samepubsuppsubtot170","samepubsuppsubtot170","samepubsuppsubtot170","samepubsuppsubtot170","samepubsuppsubtot170","samepubsuppsubtot170","samepubsuppsubtot170","samepubsuppsubtot170","samepubsuppsubtot170","samepubsuppsubtot170","samepubsuppsubtot170"
"samepubsuppsubtot509","samepubsuppsubtot509","samepubsuppsubtot509","samepubsuppsubtot509","samepubsuppsubtot509","samepubsuppsubtot509","samepubsuppsubtot509","samepubsuppsubtot509","samepubsuppsubtot509","samepubsuppsubtot509","samepubsuppsubtot509","samepubsuppsubtot509","samepubsuppsubtot509"
"schdbind","","","","","","","schdbind","schdbind","schdbind","schdbind","schdbind","schdbind"
"secrdmrtgsend","","","","","","","secrdmrtgsend","secrdmrtgsend","secrdmrtgsend","secrdmrtgsend","secrdmrtgsend","secrdmrtgsend"
"sellorexchcd","","","","","","","sellorexchcd","sellorexchcd","sellorexchcd","sellorexchcd","sellorexchcd","sellorexchcd"
"sepcnsldtfinstmtcd","","","","","","","sepcnsldtfinstmtcd","sepcnsldtfinstmtcd","sepcnsldtfinstmtcd","sepcnsldtfinstmtcd","sepcnsldtfinstmtcd","sepcnsldtfinstmtcd"
"sepindaudfinstmtcd","","","","","","","sepindaudfinstmtcd","sepindaudfinstmtcd","sepindaudfinstmtcd","sepindaudfinstmtcd","sepindaudfinstmtcd","sepindaudfinstmtcd"
"servasofficercd","","","","","","","servasofficercd","servasofficercd","servasofficercd","servasofficercd","servasofficercd","servasofficercd"
"solicitcntrbcd","","","","","","","solicitcntrbcd","solicitcntrbcd","solicitcntrbcd","solicitcntrbcd","solicitcntrbcd","solicitcntrbcd"
"srvcsval170","srvcsval170","srvcsval170","srvcsval170","srvcsval170","srvcsval170","srvcsval170","srvcsval170","srvcsval170","srvcsval170","srvcsval170","srvcsval170","srvcsval170"
"srvcsval509","srvcsval509","srvcsval509","srvcsval509","srvcsval509","srvcsval509","srvcsval509","srvcsval509","srvcsval509","srvcsval509","srvcsval509","srvcsval509","srvcsval509"
"subjto6033cd","","","","","","","subjto6033cd","subjto6033cd","subjto6033cd","subjto6033cd","subjto6033cd","subjto6033cd"
"subseccd","subseccd","subseccd","subseccd","subseccd","subseccd","subseccd","subseccd","subseccd","subseccd","subseccd","subseccd","subseccd"
"subtotpub509","subtotpub509","subtotpub509","subtotpub509","subtotpub509","subtotpub509","subtotpub509","subtotpub509","subtotpub509","subtotpub509","subtotpub509","subtotpub509","subtotpub509"
"subtotsuppinc509","subtotsuppinc509","subtotsuppinc509","subtotsuppinc509","subtotsuppinc509","subtotsuppinc509","subtotsuppinc509","subtotsuppinc509","subtotsuppinc509","subtotsuppinc509","subtotsuppinc509","subtotsuppinc509","subtotsuppinc509"
"svngstempinvend","","","","","","","svngstempinvend","svngstempinvend","svngstempinvend","svngstempinvend","svngstempinvend","svngstempinvend"
"tax_pd","tax_pd","","tax_pd","tax_pd","tax_pd","","tax_pd","tax_pd","tax_pd","tax_pd","tax_pd","tax_pd"
"taxpd","","taxpd","","","","taxpd","","","","","",""
"temprstrctnetasstsend","","","","","","","temprstrctnetasstsend","temprstrctnetasstsend","temprstrctnetasstsend","temprstrctnetasstsend","temprstrctnetasstsend","temprstrctnetasstsend"
"totassetsend","totassetsend","totassetsend","totassetsend","totassetsend","totassetsend","totassetsend","totassetsend","totassetsend","totassetsend","totassetsend","totassetsend","totassetsend"
"totcntrbgfts","","","","","","","totcntrbgfts","totcntrbgfts","totcntrbgfts","totcntrbgfts","totcntrbgfts","totcntrbgfts"
"totcntrbs","totcntrbs","totcntrbs","totcntrbs","totcntrbs","totcntrbs","totcntrbs","","","","","",""
"totcomprelatede","","","","","","","totcomprelatede","totcomprelatede","totcomprelatede","totcomprelatede","totcomprelatede","totcomprelatede"
"totestcompf","","","","","","","totestcompf","totestcompf","totestcompf","totestcompf","totestcompf","totestcompf"
"totexcessyr","totexcessyr","totexcessyr","totexcessyr","totexcessyr","totexcessyr","totexcessyr","","","","","",""
"totexpns","totexpns","totexpns","totexpns","totexpns","totexpns","totexpns","","","","","",""
"totfuncexpns","","","","","","","totfuncexpns","totfuncexpns","totfuncexpns","totfuncexpns","totfuncexpns","totfuncexpns"
"totgftgrntrcvd509","totgftgrntrcvd509","totgftgrntrcvd509","totgftgrntrcvd509","totgftgrntrcvd509","totgftgrntrcvd509","totgftgrntrcvd509","totgftgrntrcvd509","totgftgrntrcvd509","totgftgrntrcvd509","totgftgrntrcvd509","totgftgrntrcvd509","totgftgrntrcvd509"
"totliabend","totliabend","totliabend","totliabend","totliabend","totliabend","totliabend","totliabend","totliabend","totliabend","totliabend","totliabend","totliabend"
"totnetassetend","","","","","","","totnetassetend","totnetassetend","totnetassetend","totnetassetend","totnetassetend","totnetassetend"
"totnetassetsend","totnetassetsend","totnetassetsend","totnetassetsend","totnetassetsend","totnetassetsend","totnetassetsend","","","","","",""
"totnetliabastend","","","","","","","totnetliabastend","totnetliabastend","totnetliabastend","totnetliabastend","totnetliabastend","totnetliabastend"
"totnoforgscnt","","totnoforgscnt","totnoforgscnt","","","totnoforgscnt","","","","","",""
"totnooforgscnt","totnooforgscnt","","","totnooforgscnt","totnooforgscnt","","totnooforgscnt","totnooforgscnt","totnooforgscnt","totnooforgscnt","totnooforgscnt","totnooforgscnt"
"totprgmrevnue","","","","","","","totprgmrevnue","totprgmrevnue","totprgmrevnue","totprgmrevnue","totprgmrevnue","totprgmrevnue"
"totreprtabled","","","","","","","totreprtabled","totreprtabled","totreprtabled","totreprtabled","totreprtabled","totreprtabled"
"totrev2acola","","","","","","","totrev2acola","totrev2acola","totrev2acola","totrev2acola","totrev2acola","totrev2acola"
"totrev2bcola","","","","","","","totrev2bcola","totrev2bcola","totrev2bcola","totrev2bcola","totrev2bcola","totrev2bcola"
"totrev2ccola","","","","","","","totrev2ccola","totrev2ccola","totrev2ccola","totrev2ccola","totrev2ccola","totrev2ccola"
"totrev2dcola","","","","","","","totrev2dcola","totrev2dcola","totrev2dcola","totrev2dcola","totrev2dcola","totrev2dcola"
"totrev2ecola","","","","","","","totrev2ecola","totrev2ecola","totrev2ecola","totrev2ecola","totrev2ecola","totrev2ecola"
"totrev2fcola","","","","","","","totrev2fcola","totrev2fcola","totrev2fcola","totrev2fcola","totrev2fcola","totrev2fcola"
"totrevenue","","","","","","","totrevenue","totrevenue","totrevenue","totrevenue","totrevenue","totrevenue"
"totrevnue","totrevnue","totrevnue","totrevnue","totrevnue","totrevnue","totrevnue","","","","","",""
"totsupp170","totsupp170","","","totsupp170","totsupp170","","totsupp170","totsupp170","totsupp170","totsupp170","totsupp170","totsupp170"
"totsupp509","totsupp509","totsupp509","totsupp509","totsupp509","totsupp509","totsupp509","totsupp509","totsupp509","totsupp509","totsupp509","totsupp509","totsupp509"
"totsupport","totsupport","totsupport","totsupport","totsupport","totsupport","totsupport","totsupport","totsupport","totsupport","totsupport","totsupport","totsupport"
"totsupport170","","totsupport170","totsupport170","","","totsupport170","","","","","",""
"travel","","","","","","","travel","travel","travel","travel","travel","travel"
"travelofpublicoffcl","","","","","","","travelofpublicoffcl","travelofpublicoffcl","travelofpublicoffcl","travelofpublicoffcl","travelofpublicoffcl","travelofpublicoffcl"
"txexmptbndcd","","","","","","","txexmptbndcd","txexmptbndcd","txexmptbndcd","txexmptbndcd","txexmptbndcd","txexmptbndcd"
"txexmptbndsend","","","","","","","txexmptbndsend","txexmptbndsend","txexmptbndsend","txexmptbndsend","txexmptbndsend","txexmptbndsend"
"txexmptbndsproceeds","","","","","","","txexmptbndsproceeds","txexmptbndsproceeds","txexmptbndsproceeds","txexmptbndsproceeds","txexmptbndsproceeds","txexmptbndsproceeds"
"txexmptint","","","","","","","txexmptint","txexmptint","txexmptint","txexmptint","txexmptint","txexmptint"
"txrevnuelevied170","txrevnuelevied170","txrevnuelevied170","txrevnuelevied170","txrevnuelevied170","txrevnuelevied170","txrevnuelevied170","txrevnuelevied170","txrevnuelevied170","txrevnuelevied170","txrevnuelevied170","txrevnuelevied170","txrevnuelevied170"
"txrevnuelevied509","txrevnuelevied509","txrevnuelevied509","txrevnuelevied509","txrevnuelevied509","txrevnuelevied509","txrevnuelevied509","txrevnuelevied509","txrevnuelevied509","txrevnuelevied509","txrevnuelevied509","txrevnuelevied509","txrevnuelevied509"
"unrelbusinccd","","","","","","","unrelbusinccd","unrelbusinccd","unrelbusinccd","unrelbusinccd","unrelbusinccd","unrelbusinccd"
"unrelbusincd","unrelbusincd","unrelbusincd","unrelbusincd","unrelbusincd","unrelbusincd","unrelbusincd","","","","","",""
"unreltxincls511tx509","unreltxincls511tx509","unreltxincls511tx509","unreltxincls511tx509","unreltxincls511tx509","unreltxincls511tx509","unreltxincls511tx509","unreltxincls511tx509","unreltxincls511tx509","unreltxincls511tx509","unreltxincls511tx509","unreltxincls511tx509","unreltxincls511tx509"
"unrstrctnetasstsend","","","","","","","unrstrctnetasstsend","unrstrctnetasstsend","unrstrctnetasstsend","unrstrctnetasstsend","unrstrctnetasstsend","unrstrctnetasstsend"
"unsecurednotesend","","","","","","","unsecurednotesend","unsecurednotesend","unsecurednotesend","unsecurednotesend","unsecurednotesend","unsecurednotesend"
"wthldngrulescd","","","","","","","wthldngrulescd","wthldngrulescd","wthldngrulescd","wthldngrulescd","wthldngrulescd","wthldngrulescd"
"X","","","","","X","","","","","","X",""
"X.1","","","","","","","","","","","X.1",""
"X.2","","","","","","","","","","","X.2",""
"X.3","","","","","","","","","","","X.3",""
"X.4","","","","","","","","","","","X.4",""
